{"cameraMode":{"drawMode":0,"name":"Shaded","section":"Shading Mode"},"sceneLighting":true,"audioPlay":false,"sceneViewState":{"m_AlwaysRefresh":false,"showFog":true,"showSkybox":true,"showFlares":true,"showImageEffects":true,"showParticleSystems":true,"showVisualEffectGraphs":true,"m_FxEnabled":true},"in2DMode":false,"pivot":{"x":1.868965744972229,"y":5.539809703826904,"z":0.8601551055908203},"rotation":{"x":-0.07821787893772125,"y":-0.017348168417811395,"z":0.0013620061799883843,"w":-0.9967865347862244},"size":11.411661148071289,"orthographic":true}